"0","#font_import(pattern = ""lmroman*"")"
"0","#loadfonts()"
"0","#font_import()"
"0","loadfonts(device = ""win"")"
"2","Registering font with R using windowsFonts(): Agency FB
"
"2","Registering font with R using windowsFonts(): Aharoni
"
"2","Registering font with R using windowsFonts(): Algerian
"
"2","Registering font with R using windowsFonts(): Andalus
"
"2","Registering font with R using windowsFonts(): Angsana New
"
"2","Registering font with R using windowsFonts(): AngsanaUPC
"
"2","Registering font with R using windowsFonts(): Aparajita
"
"2","Registering font with R using windowsFonts(): Arabic Typesetting
"
"2","Registering font with R using windowsFonts(): Arial Black
"
"2","Registering font with R using windowsFonts(): Arial
"
"2","Registering font with R using windowsFonts(): Arial Narrow
"
"2","Registering font with R using windowsFonts(): Arial Rounded MT Bold
"
"2","Registering font with R using windowsFonts(): Arial Unicode MS
"
"2","Registering font with R using windowsFonts(): Baskerville Old Face
"
"2","Registering font with R using windowsFonts(): Bauhaus 93
"
"2","Registering font with R using windowsFonts(): Bell MT
"
"2","Registering font with R using windowsFonts(): Berlin Sans FB
"
"2","Registering font with R using windowsFonts(): Berlin Sans FB Demi
"
"2","Registering font with R using windowsFonts(): Bernard MT Condensed
"
"2","Registering font with R using windowsFonts(): Blackadder ITC
"
"2","Registering font with R using windowsFonts(): Bodoni MT
"
"2","Registering font with R using windowsFonts(): Bodoni MT Black
"
"2","Registering font with R using windowsFonts(): Bodoni MT Condensed
"
"2","Registering font with R using windowsFonts(): Bodoni MT Poster Compressed
"
"2","Registering font with R using windowsFonts(): Book Antiqua
"
"2","Registering font with R using windowsFonts(): Bookman Old Style
"
"2","Registering font with R using windowsFonts(): Bookshelf Symbol 7
"
"2","Registering font with R using windowsFonts(): Bradley Hand ITC
"
"2","Registering font with R using windowsFonts(): Britannic Bold
"
"2","Registering font with R using windowsFonts(): Broadway
"
"2","Registering font with R using windowsFonts(): Browallia New
"
"2","Registering font with R using windowsFonts(): BrowalliaUPC
"
"2","Registering font with R using windowsFonts(): Brush Script MT
"
"2","Registering font with R using windowsFonts(): Calibri
"
"2","Registering font with R using windowsFonts(): Calibri Light
"
"2","Registering font with R using windowsFonts(): Californian FB
"
"2","Registering font with R using windowsFonts(): Calisto MT
"
"2","Registering font with R using windowsFonts(): Cambria
"
"2","Registering font with R using windowsFonts(): Candara
"
"2","Registering font with R using windowsFonts(): Castellar
"
"2","Registering font with R using windowsFonts(): Centaur
"
"2","Registering font with R using windowsFonts(): Century
"
"2","Registering font with R using windowsFonts(): Century Gothic
"
"2","Registering font with R using windowsFonts(): Century Schoolbook
"
"2","Registering font with R using windowsFonts(): Chiller
"
"2","Registering font with R using windowsFonts(): Colonna MT
"
"2","Registering font with R using windowsFonts(): Comic Sans MS
"
"2","Registering font with R using windowsFonts(): Consolas
"
"2","Registering font with R using windowsFonts(): Constantia
"
"2","Registering font with R using windowsFonts(): Cooper Black
"
"2","Registering font with R using windowsFonts(): Copperplate Gothic Bold
"
"2","Registering font with R using windowsFonts(): Copperplate Gothic Light
"
"2","Registering font with R using windowsFonts(): Corbel
"
"2","Registering font with R using windowsFonts(): Cordia New
"
"2","Registering font with R using windowsFonts(): CordiaUPC
"
"2","Registering font with R using windowsFonts(): Courier New
"
"2","Registering font with R using windowsFonts(): Curlz MT
"
"2","Registering font with R using windowsFonts(): DaunPenh
"
"2","Registering font with R using windowsFonts(): David
"
"2","Registering font with R using windowsFonts(): DFKai-SB
"
"2","Registering font with R using windowsFonts(): DilleniaUPC
"
"2","Registering font with R using windowsFonts(): DokChampa
"
"2","Registering font with R using windowsFonts(): Ebrima
"
"2","Registering font with R using windowsFonts(): Edwardian Script ITC
"
"2","Registering font with R using windowsFonts(): Elephant
"
"2","Registering font with R using windowsFonts(): Engravers MT
"
"2","Registering font with R using windowsFonts(): Eras Bold ITC
"
"2","Registering font with R using windowsFonts(): Eras Demi ITC
"
"2","Registering font with R using windowsFonts(): Eras Light ITC
"
"2","Registering font with R using windowsFonts(): Eras Medium ITC
"
"2","Registering font with R using windowsFonts(): Estrangelo Edessa
"
"2","Registering font with R using windowsFonts(): EucrosiaUPC
"
"2","Registering font with R using windowsFonts(): Euphemia
"
"2","Registering font with R using windowsFonts(): FangSong
"
"2","Registering font with R using windowsFonts(): Felix Titling
"
"2","Registering font with R using windowsFonts(): Footlight MT Light
"
"2","Registering font with R using windowsFonts(): Forte
"
"2","Registering font with R using windowsFonts(): Franklin Gothic Book
"
"2","Registering font with R using windowsFonts(): Franklin Gothic Demi
"
"2","Registering font with R using windowsFonts(): Franklin Gothic Demi Cond
"
"2","Registering font with R using windowsFonts(): Franklin Gothic Heavy
"
"2","Registering font with R using windowsFonts(): Franklin Gothic Medium
"
"2","Registering font with R using windowsFonts(): Franklin Gothic Medium Cond
"
"2","Registering font with R using windowsFonts(): FrankRuehl
"
"2","Registering font with R using windowsFonts(): FreesiaUPC
"
"2","Registering font with R using windowsFonts(): Freestyle Script
"
"2","Registering font with R using windowsFonts(): French Script MT
"
"2","Registering font with R using windowsFonts(): Gabriola
"
"2","Registering font with R using windowsFonts(): Gadugi
"
"2","Registering font with R using windowsFonts(): Garamond
"
"2","Registering font with R using windowsFonts(): Gautami
"
"2","Registering font with R using windowsFonts(): Georgia
"
"2","Registering font with R using windowsFonts(): Gigi
"
"2","Registering font with R using windowsFonts(): Gill Sans Ultra Bold
"
"2","Registering font with R using windowsFonts(): Gill Sans Ultra Bold Condensed
"
"2","Registering font with R using windowsFonts(): Gill Sans MT
"
"2","Registering font with R using windowsFonts(): Gill Sans MT Condensed
"
"2","Registering font with R using windowsFonts(): Gill Sans MT Ext Condensed Bold
"
"2","Registering font with R using windowsFonts(): Gisha
"
"2","Registering font with R using windowsFonts(): Gloucester MT Extra Condensed
"
"2","Registering font with R using windowsFonts(): Goudy Old Style
"
"2","Registering font with R using windowsFonts(): Goudy Stout
"
"2","Registering font with R using windowsFonts(): Haettenschweiler
"
"2","Registering font with R using windowsFonts(): Harlow Solid Italic
"
"2","Registering font with R using windowsFonts(): Harrington
"
"2","Registering font with R using windowsFonts(): High Tower Text
"
"2","Registering font with R using windowsFonts(): Impact
"
"2","Registering font with R using windowsFonts(): Imprint MT Shadow
"
"2","Registering font with R using windowsFonts(): Informal Roman
"
"2","Registering font with R using windowsFonts(): IrisUPC
"
"2","Registering font with R using windowsFonts(): Iskoola Pota
"
"2","Registering font with R using windowsFonts(): JasmineUPC
"
"2","Registering font with R using windowsFonts(): Jokerman
"
"2","Registering font with R using windowsFonts(): Juice ITC
"
"2","Registering font with R using windowsFonts(): KaiTi
"
"2","Registering font with R using windowsFonts(): Kalinga
"
"2","Registering font with R using windowsFonts(): Kartika
"
"2","Registering font with R using windowsFonts(): Khmer UI
"
"2","Registering font with R using windowsFonts(): KodchiangUPC
"
"2","Registering font with R using windowsFonts(): Kokila
"
"2","Registering font with R using windowsFonts(): Kristen ITC
"
"2","Registering font with R using windowsFonts(): Kunstler Script
"
"2","Registering font with R using windowsFonts(): Lao UI
"
"2","Registering font with R using windowsFonts(): Latha
"
"2","Registering font with R using windowsFonts(): Wide Latin
"
"2","Registering font with R using windowsFonts(): Leelawadee
"
"2","Registering font with R using windowsFonts(): Levenim MT
"
"2","Registering font with R using windowsFonts(): LilyUPC
"
"2","Registering font with R using windowsFonts(): Lucida Bright
"
"2","Registering font with R using windowsFonts(): Lucida Calligraphy
"
"2","Registering font with R using windowsFonts(): Lucida Console
"
"2","Registering font with R using windowsFonts(): Lucida Fax
"
"2","Registering font with R using windowsFonts(): Lucida Handwriting
"
"2","Registering font with R using windowsFonts(): Lucida Sans
"
"2","Registering font with R using windowsFonts(): Lucida Sans Typewriter
"
"2","Registering font with R using windowsFonts(): Lucida Sans Unicode
"
"2","Registering font with R using windowsFonts(): Magneto
"
"2","Registering font with R using windowsFonts(): Maiandra GD
"
"2","Registering font with R using windowsFonts(): Malgun Gothic
"
"2","Registering font with R using windowsFonts(): Mangal
"
"2","Registering font with R using windowsFonts(): Marlett
"
"2","Registering font with R using windowsFonts(): Matura MT Script Capitals
"
"2","Registering font with R using windowsFonts(): Microsoft Yi Baiti
"
"2","Registering font with R using windowsFonts(): Microsoft Himalaya
"
"2","Registering font with R using windowsFonts(): Microsoft JhengHei
"
"2","Registering font with R using windowsFonts(): Microsoft New Tai Lue
"
"2","Registering font with R using windowsFonts(): Microsoft PhagsPa
"
"2","Registering font with R using windowsFonts(): Microsoft Sans Serif
"
"2","Registering font with R using windowsFonts(): Microsoft Tai Le
"
"2","Registering font with R using windowsFonts(): Microsoft Uighur
"
"2","Registering font with R using windowsFonts(): Microsoft YaHei
"
"2","Registering font with R using windowsFonts(): Miriam
"
"2","Registering font with R using windowsFonts(): Miriam Fixed
"
"2","Registering font with R using windowsFonts(): Mistral
"
"2","Registering font with R using windowsFonts(): Modern No. 20
"
"2","Registering font with R using windowsFonts(): Mongolian Baiti
"
"2","Registering font with R using windowsFonts(): Monotype Corsiva
"
"2","Registering font with R using windowsFonts(): MoolBoran
"
"2","Registering font with R using windowsFonts(): MS Outlook
"
"2","Registering font with R using windowsFonts(): MS Reference Sans Serif
"
"2","Registering font with R using windowsFonts(): MS Reference Specialty
"
"2","Registering font with R using windowsFonts(): MT Extra
"
"2","Registering font with R using windowsFonts(): MV Boli
"
"2","Registering font with R using windowsFonts(): Narkisim
"
"2","Registering font with R using windowsFonts(): Niagara Engraved
"
"2","Registering font with R using windowsFonts(): Niagara Solid
"
"2","Registering font with R using windowsFonts(): Nirmala UI
"
"2","Registering font with R using windowsFonts(): Nyala
"
"2","Registering font with R using windowsFonts(): OCR A Extended
"
"2","Registering font with R using windowsFonts(): Old English Text MT
"
"2","Registering font with R using windowsFonts(): Onyx
"
"2","Registering font with R using windowsFonts(): Palace Script MT
"
"2","Registering font with R using windowsFonts(): Palatino Linotype
"
"2","Registering font with R using windowsFonts(): Papyrus
"
"2","Registering font with R using windowsFonts(): Parchment
"
"2","Registering font with R using windowsFonts(): Perpetua
"
"2","Registering font with R using windowsFonts(): Perpetua Titling MT
"
"2","Registering font with R using windowsFonts(): Plantagenet Cherokee
"
"2","Registering font with R using windowsFonts(): Playbill
"
"2","Registering font with R using windowsFonts(): Poor Richard
"
"2","Registering font with R using windowsFonts(): Pristina
"
"2","Registering font with R using windowsFonts(): Raavi
"
"2","Registering font with R using windowsFonts(): Rage Italic
"
"2","Registering font with R using windowsFonts(): Ravie
"
"2","Registering font with R using windowsFonts(): Rockwell
"
"2","Registering font with R using windowsFonts(): Rockwell Condensed
"
"2","Registering font with R using windowsFonts(): Rockwell Extra Bold
"
"2","Registering font with R using windowsFonts(): Rod
"
"2","Registering font with R using windowsFonts(): Sakkal Majalla
"
"2","Registering font with R using windowsFonts(): Script MT Bold
"
"2","Registering font with R using windowsFonts(): Segoe Print
"
"2","Registering font with R using windowsFonts(): Segoe Script
"
"2","Registering font with R using windowsFonts(): Segoe UI
"
"2","Registering font with R using windowsFonts(): Segoe UI Light
"
"2","Registering font with R using windowsFonts(): Segoe UI Semibold
"
"2","Registering font with R using windowsFonts(): Segoe UI Semilight
"
"2","Registering font with R using windowsFonts(): Segoe UI Symbol
"
"2","Registering font with R using windowsFonts(): Shonar Bangla
"
"2","Registering font with R using windowsFonts(): Showcard Gothic
"
"2","Registering font with R using windowsFonts(): Shruti
"
"2","Registering font with R using windowsFonts(): SimHei
"
"2","Registering font with R using windowsFonts(): Simplified Arabic
"
"2","Registering font with R using windowsFonts(): Simplified Arabic Fixed
"
"2","Registering font with R using windowsFonts(): SimSun-ExtB
"
"2","Registering font with R using windowsFonts(): Snap ITC
"
"2","Registering font with R using windowsFonts(): Stencil
"
"2","Registering font with R using windowsFonts(): Sylfaen
"
"2","Registering font with R using windowsFonts(): Symbol
"
"2","Registering font with R using windowsFonts(): Tahoma
"
"2","Registering font with R using windowsFonts(): Tempus Sans ITC
"
"2","Registering font with R using windowsFonts(): Times New Roman
"
"2","Registering font with R using windowsFonts(): Traditional Arabic
"
"2","Registering font with R using windowsFonts(): Trebuchet MS
"
"2","Registering font with R using windowsFonts(): Tunga
"
"2","Registering font with R using windowsFonts(): Tw Cen MT
"
"2","Registering font with R using windowsFonts(): Tw Cen MT Condensed
"
"2","Registering font with R using windowsFonts(): Tw Cen MT Condensed Extra Bold
"
"2","Registering font with R using windowsFonts(): Utsaah
"
"2","Registering font with R using windowsFonts(): Vani
"
"2","Registering font with R using windowsFonts(): Verdana
"
"2","Registering font with R using windowsFonts(): Vijaya
"
"2","Registering font with R using windowsFonts(): Viner Hand ITC
"
"2","Registering font with R using windowsFonts(): Vivaldi
"
"2","Registering font with R using windowsFonts(): Vladimir Script
"
"2","Registering font with R using windowsFonts(): Vrinda
"
"2","Registering font with R using windowsFonts(): Webdings
"
"2","Registering font with R using windowsFonts(): Wingdings
"
"2","Registering font with R using windowsFonts(): Wingdings 2
"
"2","Registering font with R using windowsFonts(): Wingdings 3
"
"0","windowsFonts()"
"1","$`serif`
"
"1","[1]"
"1"," ""TT Times New Roman"""
"1","
"
"1","
"
"1","$sans
"
"1","[1]"
"1"," ""TT Arial"""
"1","
"
"1","
"
"1","$mono
"
"1","[1]"
"1"," ""TT Courier New"""
"1","
"
"1","
"
"1","$`Agency FB`
"
"1","[1]"
"1"," ""Agency FB"""
"1","
"
"1","
"
"1","$Aharoni
"
"1","[1]"
"1"," ""Aharoni"""
"1","
"
"1","
"
"1","$Algerian
"
"1","[1]"
"1"," ""Algerian"""
"1","
"
"1","
"
"1","$Andalus
"
"1","[1]"
"1"," ""Andalus"""
"1","
"
"1","
"
"1","$`Angsana New`
"
"1","[1]"
"1"," ""Angsana New"""
"1","
"
"1","
"
"1","$AngsanaUPC
"
"1","[1]"
"1"," ""AngsanaUPC"""
"1","
"
"1","
"
"1","$Aparajita
"
"1","[1]"
"1"," ""Aparajita"""
"1","
"
"1","
"
"1","$`Arabic Typesetting`
"
"1","[1]"
"1"," ""Arabic Typesetting"""
"1","
"
"1","
"
"1","$`Arial Black`
"
"1","[1]"
"1"," ""Arial Black"""
"1","
"
"1","
"
"1","$Arial
"
"1","[1]"
"1"," ""Arial"""
"1","
"
"1","
"
"1","$`Arial Narrow`
"
"1","[1]"
"1"," ""Arial Narrow"""
"1","
"
"1","
"
"1","$`Arial Rounded MT Bold`
"
"1","[1]"
"1"," ""Arial Rounded MT Bold"""
"1","
"
"1","
"
"1","$`Arial Unicode MS`
"
"1","[1]"
"1"," ""Arial Unicode MS"""
"1","
"
"1","
"
"1","$`Baskerville Old Face`
"
"1","[1]"
"1"," ""Baskerville Old Face"""
"1","
"
"1","
"
"1","$`Bauhaus 93`
"
"1","[1]"
"1"," ""Bauhaus 93"""
"1","
"
"1","
"
"1","$`Bell MT`
"
"1","[1]"
"1"," ""Bell MT"""
"1","
"
"1","
"
"1","$`Berlin Sans FB`
"
"1","[1]"
"1"," ""Berlin Sans FB"""
"1","
"
"1","
"
"1","$`Berlin Sans FB Demi`
"
"1","[1]"
"1"," ""Berlin Sans FB Demi"""
"1","
"
"1","
"
"1","$`Bernard MT Condensed`
"
"1","[1]"
"1"," ""Bernard MT Condensed"""
"1","
"
"1","
"
"1","$`Blackadder ITC`
"
"1","[1]"
"1"," ""Blackadder ITC"""
"1","
"
"1","
"
"1","$`Bodoni MT`
"
"1","[1]"
"1"," ""Bodoni MT"""
"1","
"
"1","
"
"1","$`Bodoni MT Black`
"
"1","[1]"
"1"," ""Bodoni MT Black"""
"1","
"
"1","
"
"1","$`Bodoni MT Condensed`
"
"1","[1]"
"1"," ""Bodoni MT Condensed"""
"1","
"
"1","
"
"1","$`Bodoni MT Poster Compressed`
"
"1","[1]"
"1"," ""Bodoni MT Poster Compressed"""
"1","
"
"1","
"
"1","$`Book Antiqua`
"
"1","[1]"
"1"," ""Book Antiqua"""
"1","
"
"1","
"
"1","$`Bookman Old Style`
"
"1","[1]"
"1"," ""Bookman Old Style"""
"1","
"
"1","
"
"1","$`Bookshelf Symbol 7`
"
"1","[1]"
"1"," ""Bookshelf Symbol 7"""
"1","
"
"1","
"
"1","$`Bradley Hand ITC`
"
"1","[1]"
"1"," ""Bradley Hand ITC"""
"1","
"
"1","
"
"1","$`Britannic Bold`
"
"1","[1]"
"1"," ""Britannic Bold"""
"1","
"
"1","
"
"1","$Broadway
"
"1","[1]"
"1"," ""Broadway"""
"1","
"
"1","
"
"1","$`Browallia New`
"
"1","[1]"
"1"," ""Browallia New"""
"1","
"
"1","
"
"1","$BrowalliaUPC
"
"1","[1]"
"1"," ""BrowalliaUPC"""
"1","
"
"1","
"
"1","$`Brush Script MT`
"
"1","[1]"
"1"," ""Brush Script MT"""
"1","
"
"1","
"
"1","$Calibri
"
"1","[1]"
"1"," ""Calibri"""
"1","
"
"1","
"
"1","$`Calibri Light`
"
"1","[1]"
"1"," ""Calibri Light"""
"1","
"
"1","
"
"1","$`Californian FB`
"
"1","[1]"
"1"," ""Californian FB"""
"1","
"
"1","
"
"1","$`Calisto MT`
"
"1","[1]"
"1"," ""Calisto MT"""
"1","
"
"1","
"
"1","$Cambria
"
"1","[1]"
"1"," ""Cambria"""
"1","
"
"1","
"
"1","$Candara
"
"1","[1]"
"1"," ""Candara"""
"1","
"
"1","
"
"1","$Castellar
"
"1","[1]"
"1"," ""Castellar"""
"1","
"
"1","
"
"1","$Centaur
"
"1","[1]"
"1"," ""Centaur"""
"1","
"
"1","
"
"1","$Century
"
"1","[1]"
"1"," ""Century"""
"1","
"
"1","
"
"1","$`Century Gothic`
"
"1","[1]"
"1"," ""Century Gothic"""
"1","
"
"1","
"
"1","$`Century Schoolbook`
"
"1","[1]"
"1"," ""Century Schoolbook"""
"1","
"
"1","
"
"1","$Chiller
"
"1","[1]"
"1"," ""Chiller"""
"1","
"
"1","
"
"1","$`Colonna MT`
"
"1","[1]"
"1"," ""Colonna MT"""
"1","
"
"1","
"
"1","$`Comic Sans MS`
"
"1","[1]"
"1"," ""Comic Sans MS"""
"1","
"
"1","
"
"1","$Consolas
"
"1","[1]"
"1"," ""Consolas"""
"1","
"
"1","
"
"1","$Constantia
"
"1","[1]"
"1"," ""Constantia"""
"1","
"
"1","
"
"1","$`Cooper Black`
"
"1","[1]"
"1"," ""Cooper Black"""
"1","
"
"1","
"
"1","$`Copperplate Gothic Bold`
"
"1","[1]"
"1"," ""Copperplate Gothic Bold"""
"1","
"
"1","
"
"1","$`Copperplate Gothic Light`
"
"1","[1]"
"1"," ""Copperplate Gothic Light"""
"1","
"
"1","
"
"1","$Corbel
"
"1","[1]"
"1"," ""Corbel"""
"1","
"
"1","
"
"1","$`Cordia New`
"
"1","[1]"
"1"," ""Cordia New"""
"1","
"
"1","
"
"1","$CordiaUPC
"
"1","[1]"
"1"," ""CordiaUPC"""
"1","
"
"1","
"
"1","$`Courier New`
"
"1","[1]"
"1"," ""Courier New"""
"1","
"
"1","
"
"1","$`Curlz MT`
"
"1","[1]"
"1"," ""Curlz MT"""
"1","
"
"1","
"
"1","$DaunPenh
"
"1","[1]"
"1"," ""DaunPenh"""
"1","
"
"1","
"
"1","$David
"
"1","[1]"
"1"," ""David"""
"1","
"
"1","
"
"1","$`DFKai-SB`
"
"1","[1]"
"1"," ""DFKai-SB"""
"1","
"
"1","
"
"1","$DilleniaUPC
"
"1","[1]"
"1"," ""DilleniaUPC"""
"1","
"
"1","
"
"1","$DokChampa
"
"1","[1]"
"1"," ""DokChampa"""
"1","
"
"1","
"
"1","$Ebrima
"
"1","[1]"
"1"," ""Ebrima"""
"1","
"
"1","
"
"1","$`Edwardian Script ITC`
"
"1","[1]"
"1"," ""Edwardian Script ITC"""
"1","
"
"1","
"
"1","$Elephant
"
"1","[1]"
"1"," ""Elephant"""
"1","
"
"1","
"
"1","$`Engravers MT`
"
"1","[1]"
"1"," ""Engravers MT"""
"1","
"
"1","
"
"1","$`Eras Bold ITC`
"
"1","[1]"
"1"," ""Eras Bold ITC"""
"1","
"
"1","
"
"1","$`Eras Demi ITC`
"
"1","[1]"
"1"," ""Eras Demi ITC"""
"1","
"
"1","
"
"1","$`Eras Light ITC`
"
"1","[1]"
"1"," ""Eras Light ITC"""
"1","
"
"1","
"
"1","$`Eras Medium ITC`
"
"1","[1]"
"1"," ""Eras Medium ITC"""
"1","
"
"1","
"
"1","$`Estrangelo Edessa`
"
"1","[1]"
"1"," ""Estrangelo Edessa"""
"1","
"
"1","
"
"1","$EucrosiaUPC
"
"1","[1]"
"1"," ""EucrosiaUPC"""
"1","
"
"1","
"
"1","$Euphemia
"
"1","[1]"
"1"," ""Euphemia"""
"1","
"
"1","
"
"1","$FangSong
"
"1","[1]"
"1"," ""FangSong"""
"1","
"
"1","
"
"1","$`Felix Titling`
"
"1","[1]"
"1"," ""Felix Titling"""
"1","
"
"1","
"
"1","$`Footlight MT Light`
"
"1","[1]"
"1"," ""Footlight MT Light"""
"1","
"
"1","
"
"1","$Forte
"
"1","[1]"
"1"," ""Forte"""
"1","
"
"1","
"
"1","$`Franklin Gothic Book`
"
"1","[1]"
"1"," ""Franklin Gothic Book"""
"1","
"
"1","
"
"1","$`Franklin Gothic Demi`
"
"1","[1]"
"1"," ""Franklin Gothic Demi"""
"1","
"
"1","
"
"1","$`Franklin Gothic Demi Cond`
"
"1","[1]"
"1"," ""Franklin Gothic Demi Cond"""
"1","
"
"1","
"
"1","$`Franklin Gothic Heavy`
"
"1","[1]"
"1"," ""Franklin Gothic Heavy"""
"1","
"
"1","
"
"1","$`Franklin Gothic Medium`
"
"1","[1]"
"1"," ""Franklin Gothic Medium"""
"1","
"
"1","
"
"1","$`Franklin Gothic Medium Cond`
"
"1","[1]"
"1"," ""Franklin Gothic Medium Cond"""
"1","
"
"1","
"
"1","$FrankRuehl
"
"1","[1]"
"1"," ""FrankRuehl"""
"1","
"
"1","
"
"1","$FreesiaUPC
"
"1","[1]"
"1"," ""FreesiaUPC"""
"1","
"
"1","
"
"1","$`Freestyle Script`
"
"1","[1]"
"1"," ""Freestyle Script"""
"1","
"
"1","
"
"1","$`French Script MT`
"
"1","[1]"
"1"," ""French Script MT"""
"1","
"
"1","
"
"1","$Gabriola
"
"1","[1]"
"1"," ""Gabriola"""
"1","
"
"1","
"
"1","$Gadugi
"
"1","[1]"
"1"," ""Gadugi"""
"1","
"
"1","
"
"1","$Garamond
"
"1","[1]"
"1"," ""Garamond"""
"1","
"
"1","
"
"1","$Gautami
"
"1","[1]"
"1"," ""Gautami"""
"1","
"
"1","
"
"1","$Georgia
"
"1","[1]"
"1"," ""Georgia"""
"1","
"
"1","
"
"1","$Gigi
"
"1","[1]"
"1"," ""Gigi"""
"1","
"
"1","
"
"1","$`Gill Sans Ultra Bold`
"
"1","[1]"
"1"," ""Gill Sans Ultra Bold"""
"1","
"
"1","
"
"1","$`Gill Sans Ultra Bold Condensed`
"
"1","[1]"
"1"," ""Gill Sans Ultra Bold Condensed"""
"1","
"
"1","
"
"1","$`Gill Sans MT`
"
"1","[1]"
"1"," ""Gill Sans MT"""
"1","
"
"1","
"
"1","$`Gill Sans MT Condensed`
"
"1","[1]"
"1"," ""Gill Sans MT Condensed"""
"1","
"
"1","
"
"1","$`Gill Sans MT Ext Condensed Bold`
"
"1","[1]"
"1"," ""Gill Sans MT Ext Condensed Bold"""
"1","
"
"1","
"
"1","$Gisha
"
"1","[1]"
"1"," ""Gisha"""
"1","
"
"1","
"
"1","$`Gloucester MT Extra Condensed`
"
"1","[1]"
"1"," ""Gloucester MT Extra Condensed"""
"1","
"
"1","
"
"1","$`Goudy Old Style`
"
"1","[1]"
"1"," ""Goudy Old Style"""
"1","
"
"1","
"
"1","$`Goudy Stout`
"
"1","[1]"
"1"," ""Goudy Stout"""
"1","
"
"1","
"
"1","$Haettenschweiler
"
"1","[1]"
"1"," ""Haettenschweiler"""
"1","
"
"1","
"
"1","$`Harlow Solid Italic`
"
"1","[1]"
"1"," ""Harlow Solid Italic"""
"1","
"
"1","
"
"1","$Harrington
"
"1","[1]"
"1"," ""Harrington"""
"1","
"
"1","
"
"1","$`High Tower Text`
"
"1","[1]"
"1"," ""High Tower Text"""
"1","
"
"1","
"
"1","$Impact
"
"1","[1]"
"1"," ""Impact"""
"1","
"
"1","
"
"1","$`Imprint MT Shadow`
"
"1","[1]"
"1"," ""Imprint MT Shadow"""
"1","
"
"1","
"
"1","$`Informal Roman`
"
"1","[1]"
"1"," ""Informal Roman"""
"1","
"
"1","
"
"1","$IrisUPC
"
"1","[1]"
"1"," ""IrisUPC"""
"1","
"
"1","
"
"1","$`Iskoola Pota`
"
"1","[1]"
"1"," ""Iskoola Pota"""
"1","
"
"1","
"
"1","$JasmineUPC
"
"1","[1]"
"1"," ""JasmineUPC"""
"1","
"
"1","
"
"1","$Jokerman
"
"1","[1]"
"1"," ""Jokerman"""
"1","
"
"1","
"
"1","$`Juice ITC`
"
"1","[1]"
"1"," ""Juice ITC"""
"1","
"
"1","
"
"1","$KaiTi
"
"1","[1]"
"1"," ""KaiTi"""
"1","
"
"1","
"
"1","$Kalinga
"
"1","[1]"
"1"," ""Kalinga"""
"1","
"
"1","
"
"1","$Kartika
"
"1","[1]"
"1"," ""Kartika"""
"1","
"
"1","
"
"1","$`Khmer UI`
"
"1","[1]"
"1"," ""Khmer UI"""
"1","
"
"1","
"
"1","$KodchiangUPC
"
"1","[1]"
"1"," ""KodchiangUPC"""
"1","
"
"1","
"
"1","$Kokila
"
"1","[1]"
"1"," ""Kokila"""
"1","
"
"1","
"
"1","$`Kristen ITC`
"
"1","[1]"
"1"," ""Kristen ITC"""
"1","
"
"1","
"
"1","$`Kunstler Script`
"
"1","[1]"
"1"," ""Kunstler Script"""
"1","
"
"1","
"
"1","$`Lao UI`
"
"1","[1]"
"1"," ""Lao UI"""
"1","
"
"1","
"
"1","$Latha
"
"1","[1]"
"1"," ""Latha"""
"1","
"
"1","
"
"1","$`Wide Latin`
"
"1","[1]"
"1"," ""Wide Latin"""
"1","
"
"1","
"
"1","$Leelawadee
"
"1","[1]"
"1"," ""Leelawadee"""
"1","
"
"1","
"
"1","$`Levenim MT`
"
"1","[1]"
"1"," ""Levenim MT"""
"1","
"
"1","
"
"1","$LilyUPC
"
"1","[1]"
"1"," ""LilyUPC"""
"1","
"
"1","
"
"1","$`Lucida Bright`
"
"1","[1]"
"1"," ""Lucida Bright"""
"1","
"
"1","
"
"1","$`Lucida Calligraphy`
"
"1","[1]"
"1"," ""Lucida Calligraphy"""
"1","
"
"1","
"
"1","$`Lucida Console`
"
"1","[1]"
"1"," ""Lucida Console"""
"1","
"
"1","
"
"1","$`Lucida Fax`
"
"1","[1]"
"1"," ""Lucida Fax"""
"1","
"
"1","
"
"1","$`Lucida Handwriting`
"
"1","[1]"
"1"," ""Lucida Handwriting"""
"1","
"
"1","
"
"1","$`Lucida Sans`
"
"1","[1]"
"1"," ""Lucida Sans"""
"1","
"
"1","
"
"1","$`Lucida Sans Typewriter`
"
"1","[1]"
"1"," ""Lucida Sans Typewriter"""
"1","
"
"1","
"
"1","$`Lucida Sans Unicode`
"
"1","[1]"
"1"," ""Lucida Sans Unicode"""
"1","
"
"1","
"
"1","$Magneto
"
"1","[1]"
"1"," ""Magneto"""
"1","
"
"1","
"
"1","$`Maiandra GD`
"
"1","[1]"
"1"," ""Maiandra GD"""
"1","
"
"1","
"
"1","$`Malgun Gothic`
"
"1","[1]"
"1"," ""Malgun Gothic"""
"1","
"
"1","
"
"1","$Mangal
"
"1","[1]"
"1"," ""Mangal"""
"1","
"
"1","
"
"1","$Marlett
"
"1","[1]"
"1"," ""Marlett"""
"1","
"
"1","
"
"1","$`Matura MT Script Capitals`
"
"1","[1]"
"1"," ""Matura MT Script Capitals"""
"1","
"
"1","
"
"1","$`Microsoft Yi Baiti`
"
"1","[1]"
"1"," ""Microsoft Yi Baiti"""
"1","
"
"1","
"
"1","$`Microsoft Himalaya`
"
"1","[1]"
"1"," ""Microsoft Himalaya"""
"1","
"
"1","
"
"1","$`Microsoft JhengHei`
"
"1","[1]"
"1"," ""Microsoft JhengHei"""
"1","
"
"1","
"
"1","$`Microsoft New Tai Lue`
"
"1","[1]"
"1"," ""Microsoft New Tai Lue"""
"1","
"
"1","
"
"1","$`Microsoft PhagsPa`
"
"1","[1]"
"1"," ""Microsoft PhagsPa"""
"1","
"
"1","
"
"1","$`Microsoft Sans Serif`
"
"1","[1]"
"1"," ""Microsoft Sans Serif"""
"1","
"
"1","
"
"1","$`Microsoft Tai Le`
"
"1","[1]"
"1"," ""Microsoft Tai Le"""
"1","
"
"1","
"
"1","$`Microsoft Uighur`
"
"1","[1]"
"1"," ""Microsoft Uighur"""
"1","
"
"1","
"
"1","$`Microsoft YaHei`
"
"1","[1]"
"1"," ""Microsoft YaHei"""
"1","
"
"1","
"
"1","$Miriam
"
"1","[1]"
"1"," ""Miriam"""
"1","
"
"1","
"
"1","$`Miriam Fixed`
"
"1","[1]"
"1"," ""Miriam Fixed"""
"1","
"
"1","
"
"1","$Mistral
"
"1","[1]"
"1"," ""Mistral"""
"1","
"
"1","
"
"1","$`Modern No. 20`
"
"1","[1]"
"1"," ""Modern No. 20"""
"1","
"
"1","
"
"1","$`Mongolian Baiti`
"
"1","[1]"
"1"," ""Mongolian Baiti"""
"1","
"
"1","
"
"1","$`Monotype Corsiva`
"
"1","[1]"
"1"," ""Monotype Corsiva"""
"1","
"
"1","
"
"1","$MoolBoran
"
"1","[1]"
"1"," ""MoolBoran"""
"1","
"
"1","
"
"1","$`MS Outlook`
"
"1","[1]"
"1"," ""MS Outlook"""
"1","
"
"1","
"
"1","$`MS Reference Sans Serif`
"
"1","[1]"
"1"," ""MS Reference Sans Serif"""
"1","
"
"1","
"
"1","$`MS Reference Specialty`
"
"1","[1]"
"1"," ""MS Reference Specialty"""
"1","
"
"1","
"
"1","$`MT Extra`
"
"1","[1]"
"1"," ""MT Extra"""
"1","
"
"1","
"
"1","$`MV Boli`
"
"1","[1]"
"1"," ""MV Boli"""
"1","
"
"1","
"
"1","$Narkisim
"
"1","[1]"
"1"," ""Narkisim"""
"1","
"
"1","
"
"1","$`Niagara Engraved`
"
"1","[1]"
"1"," ""Niagara Engraved"""
"1","
"
"1","
"
"1","$`Niagara Solid`
"
"1","[1]"
"1"," ""Niagara Solid"""
"1","
"
"1","
"
"1","$`Nirmala UI`
"
"1","[1]"
"1"," ""Nirmala UI"""
"1","
"
"1","
"
"1","$Nyala
"
"1","[1]"
"1"," ""Nyala"""
"1","
"
"1","
"
"1","$`OCR A Extended`
"
"1","[1]"
"1"," ""OCR A Extended"""
"1","
"
"1","
"
"1","$`Old English Text MT`
"
"1","[1]"
"1"," ""Old English Text MT"""
"1","
"
"1","
"
"1","$Onyx
"
"1","[1]"
"1"," ""Onyx"""
"1","
"
"1","
"
"1","$`Palace Script MT`
"
"1","[1]"
"1"," ""Palace Script MT"""
"1","
"
"1","
"
"1","$`Palatino Linotype`
"
"1","[1]"
"1"," ""Palatino Linotype"""
"1","
"
"1","
"
"1","$Papyrus
"
"1","[1]"
"1"," ""Papyrus"""
"1","
"
"1","
"
"1","$Parchment
"
"1","[1]"
"1"," ""Parchment"""
"1","
"
"1","
"
"1","$Perpetua
"
"1","[1]"
"1"," ""Perpetua"""
"1","
"
"1","
"
"1","$`Perpetua Titling MT`
"
"1","[1]"
"1"," ""Perpetua Titling MT"""
"1","
"
"1","
"
"1","$`Plantagenet Cherokee`
"
"1","[1]"
"1"," ""Plantagenet Cherokee"""
"1","
"
"1","
"
"1","$Playbill
"
"1","[1]"
"1"," ""Playbill"""
"1","
"
"1","
"
"1","$`Poor Richard`
"
"1","[1]"
"1"," ""Poor Richard"""
"1","
"
"1","
"
"1","$Pristina
"
"1","[1]"
"1"," ""Pristina"""
"1","
"
"1","
"
"1","$Raavi
"
"1","[1]"
"1"," ""Raavi"""
"1","
"
"1","
"
"1","$`Rage Italic`
"
"1","[1]"
"1"," ""Rage Italic"""
"1","
"
"1","
"
"1","$Ravie
"
"1","[1]"
"1"," ""Ravie"""
"1","
"
"1","
"
"1","$Rockwell
"
"1","[1]"
"1"," ""Rockwell"""
"1","
"
"1","
"
"1","$`Rockwell Condensed`
"
"1","[1]"
"1"," ""Rockwell Condensed"""
"1","
"
"1","
"
"1","$`Rockwell Extra Bold`
"
"1","[1]"
"1"," ""Rockwell Extra Bold"""
"1","
"
"1","
"
"1","$Rod
"
"1","[1]"
"1"," ""Rod"""
"1","
"
"1","
"
"1","$`Sakkal Majalla`
"
"1","[1]"
"1"," ""Sakkal Majalla"""
"1","
"
"1","
"
"1","$`Script MT Bold`
"
"1","[1]"
"1"," ""Script MT Bold"""
"1","
"
"1","
"
"1","$`Segoe Print`
"
"1","[1]"
"1"," ""Segoe Print"""
"1","
"
"1","
"
"1","$`Segoe Script`
"
"1","[1]"
"1"," ""Segoe Script"""
"1","
"
"1","
"
"1","$`Segoe UI`
"
"1","[1]"
"1"," ""Segoe UI"""
"1","
"
"1","
"
"1","$`Segoe UI Light`
"
"1","[1]"
"1"," ""Segoe UI Light"""
"1","
"
"1","
"
"1","$`Segoe UI Semibold`
"
"1","[1]"
"1"," ""Segoe UI Semibold"""
"1","
"
"1","
"
"1","$`Segoe UI Semilight`
"
"1","[1]"
"1"," ""Segoe UI Semilight"""
"1","
"
"1","
"
"1","$`Segoe UI Symbol`
"
"1","[1]"
"1"," ""Segoe UI Symbol"""
"1","
"
"1","
"
"1","$`Shonar Bangla`
"
"1","[1]"
"1"," ""Shonar Bangla"""
"1","
"
"1","
"
"1","$`Showcard Gothic`
"
"1","[1]"
"1"," ""Showcard Gothic"""
"1","
"
"1","
"
"1","$Shruti
"
"1","[1]"
"1"," ""Shruti"""
"1","
"
"1","
"
"1","$SimHei
"
"1","[1]"
"1"," ""SimHei"""
"1","
"
"1","
"
"1","$`Simplified Arabic`
"
"1","[1]"
"1"," ""Simplified Arabic"""
"1","
"
"1","
"
"1","$`Simplified Arabic Fixed`
"
"1","[1]"
"1"," ""Simplified Arabic Fixed"""
"1","
"
"1","
"
"1","$`SimSun-ExtB`
"
"1","[1]"
"1"," ""SimSun-ExtB"""
"1","
"
"1","
"
"1","$`Snap ITC`
"
"1","[1]"
"1"," ""Snap ITC"""
"1","
"
"1","
"
"1","$Stencil
"
"1","[1]"
"1"," ""Stencil"""
"1","
"
"1","
"
"1","$Sylfaen
"
"1","[1]"
"1"," ""Sylfaen"""
"1","
"
"1","
"
"1","$Symbol
"
"1","[1]"
"1"," ""Symbol"""
"1","
"
"1","
"
"1","$Tahoma
"
"1","[1]"
"1"," ""Tahoma"""
"1","
"
"1","
"
"1","$`Tempus Sans ITC`
"
"1","[1]"
"1"," ""Tempus Sans ITC"""
"1","
"
"1","
"
"1","$`Times New Roman`
"
"1","[1]"
"1"," ""Times New Roman"""
"1","
"
"1","
"
"1","$`Traditional Arabic`
"
"1","[1]"
"1"," ""Traditional Arabic"""
"1","
"
"1","
"
"1","$`Trebuchet MS`
"
"1","[1]"
"1"," ""Trebuchet MS"""
"1","
"
"1","
"
"1","$Tunga
"
"1","[1]"
"1"," ""Tunga"""
"1","
"
"1","
"
"1","$`Tw Cen MT`
"
"1","[1]"
"1"," ""Tw Cen MT"""
"1","
"
"1","
"
"1","$`Tw Cen MT Condensed`
"
"1","[1]"
"1"," ""Tw Cen MT Condensed"""
"1","
"
"1","
"
"1","$`Tw Cen MT Condensed Extra Bold`
"
"1","[1]"
"1"," ""Tw Cen MT Condensed Extra Bold"""
"1","
"
"1","
"
"1","$Utsaah
"
"1","[1]"
"1"," ""Utsaah"""
"1","
"
"1","
"
"1","$Vani
"
"1","[1]"
"1"," ""Vani"""
"1","
"
"1","
"
"1","$Verdana
"
"1","[1]"
"1"," ""Verdana"""
"1","
"
"1","
"
"1","$Vijaya
"
"1","[1]"
"1"," ""Vijaya"""
"1","
"
"1","
"
"1","$`Viner Hand ITC`
"
"1","[1]"
"1"," ""Viner Hand ITC"""
"1","
"
"1","
"
"1","$Vivaldi
"
"1","[1]"
"1"," ""Vivaldi"""
"1","
"
"1","
"
"1","$`Vladimir Script`
"
"1","[1]"
"1"," ""Vladimir Script"""
"1","
"
"1","
"
"1","$Vrinda
"
"1","[1]"
"1"," ""Vrinda"""
"1","
"
"1","
"
"1","$Webdings
"
"1","[1]"
"1"," ""Webdings"""
"1","
"
"1","
"
"1","$Wingdings
"
"1","[1]"
"1"," ""Wingdings"""
"1","
"
"1","
"
"1","$`Wingdings 2`
"
"1","[1]"
"1"," ""Wingdings 2"""
"1","
"
"1","
"
"1","$`Wingdings 3`
"
"1","[1]"
"1"," ""Wingdings 3"""
"1","
"
"1","
"
